{"cameraMode":{"drawMode":0,"name":"Shaded","section":"Shading Mode"},"sceneLighting":true,"audioPlay":false,"sceneViewState":{"showFog":true,"showMaterialUpdate":false,"showSkybox":true,"showFlares":true,"showImageEffects":true,"showParticleSystems":true},"in2DMode":false,"pivot":{"x":5.569429397583008,"y":-1.310209035873413,"z":21.179847717285158},"rotation":{"x":-0.061314307153224948,"y":-0.8287166953086853,"z":0.09262407571077347,"w":-0.5485427975654602},"size":3.7908613681793215,"orthographic":false}